-- phpMyAdmin SQL Dump
-- version 5.0.4
-- https://www.phpmyadmin.net/
--
-- Host: 127.0.0.1
-- Generation Time: Mar 14, 2023 at 10:11 AM
-- Server version: 10.4.17-MariaDB
-- PHP Version: 8.0.1

SET SQL_MODE = "NO_AUTO_VALUE_ON_ZERO";
START TRANSACTION;
SET time_zone = "+00:00";


/*!40101 SET @OLD_CHARACTER_SET_CLIENT=@@CHARACTER_SET_CLIENT */;
/*!40101 SET @OLD_CHARACTER_SET_RESULTS=@@CHARACTER_SET_RESULTS */;
/*!40101 SET @OLD_COLLATION_CONNECTION=@@COLLATION_CONNECTION */;
/*!40101 SET NAMES utf8mb4 */;

--
-- Database: `voteapp`
--
DROP DATABASE IF EXISTS `voteapp`;
CREATE DATABASE IF NOT EXISTS `voteapp` DEFAULT CHARACTER SET utf8 COLLATE utf8_bin;
USE `voteapp`;

-- --------------------------------------------------------

--
-- Table structure for table `age`
--

DROP TABLE IF EXISTS `age`;
CREATE TABLE `age` (
  `idage` int(11) NOT NULL,
  `age` varchar(45) COLLATE utf8_bin DEFAULT NULL
) ENGINE=InnoDB DEFAULT CHARSET=utf8 COLLATE=utf8_bin;

--
-- Truncate table before insert `age`
--

TRUNCATE TABLE `age`;
--
-- Dumping data for table `age`
--

INSERT INTO `age` (`idage`, `age`) VALUES
(1, '17-24'),
(2, '25-40'),
(3, '41-65'),
(4, '65+');

-- --------------------------------------------------------

--
-- Table structure for table `apanthseis`
--

DROP TABLE IF EXISTS `apanthseis`;
CREATE TABLE `apanthseis` (
  `idkomma` int(11) NOT NULL,
  `iderwtisi` int(11) NOT NULL,
  `idepilogh` int(11) NOT NULL
) ENGINE=InnoDB DEFAULT CHARSET=utf8 COLLATE=utf8_bin;

--
-- Truncate table before insert `apanthseis`
--

TRUNCATE TABLE `apanthseis`;
--
-- Dumping data for table `apanthseis`
--

INSERT INTO `apanthseis` (`idkomma`, `iderwtisi`, `idepilogh`) VALUES
(1, 1, 3),
(1, 2, 1),
(1, 3, 3),
(1, 4, 3),
(1, 5, 3),
(1, 6, 1),
(1, 7, 3),
(1, 8, 1),
(1, 9, 1),
(1, 10, 1),
(1, 11, 1),
(1, 12, 1),
(1, 13, 3),
(1, 14, 2),
(1, 15, 3),
(1, 16, 1),
(1, 17, 1),
(1, 18, 1),
(1, 19, 1),
(1, 20, 2),
(1, 21, 1),
(1, 22, 1),
(1, 23, 2),
(1, 24, 3),
(2, 1, 3),
(2, 2, 1),
(2, 3, 1),
(2, 4, 1),
(2, 5, 1),
(2, 6, 3),
(2, 7, 1),
(2, 8, 1),
(2, 9, 2),
(2, 10, 1),
(2, 11, 3),
(2, 12, 2),
(2, 13, 2),
(2, 14, 1),
(2, 15, 1),
(2, 16, 3),
(2, 17, 3),
(2, 18, 3),
(2, 19, 2),
(2, 20, 1),
(2, 21, 3),
(2, 22, 3),
(2, 23, 1),
(2, 24, 3),
(3, 1, 3),
(3, 2, 1),
(3, 3, 1),
(3, 4, 2),
(3, 5, 2),
(3, 6, 1),
(3, 7, 2),
(3, 8, 1),
(3, 9, 1),
(3, 10, 1),
(3, 11, 2),
(3, 12, 1),
(3, 13, 2),
(3, 14, 1),
(3, 15, 2),
(3, 16, 2),
(3, 17, 2),
(3, 18, 2),
(3, 19, 2),
(3, 20, 1),
(3, 21, 2),
(3, 22, 3),
(3, 23, 1),
(3, 24, 3),
(4, 1, 2),
(4, 2, 3),
(4, 3, 1),
(4, 4, 1),
(4, 5, 1),
(4, 6, 3),
(4, 7, 1),
(4, 8, 3),
(4, 9, 3),
(4, 10, 1),
(4, 11, 3),
(4, 12, 2),
(4, 13, 1),
(4, 14, 1),
(4, 15, 2),
(4, 16, 3),
(4, 17, 3),
(4, 18, 2),
(4, 19, 3),
(4, 20, 1),
(4, 21, 3),
(4, 22, 3),
(4, 23, 1),
(4, 24, 3),
(5, 1, 2),
(5, 2, 3),
(5, 3, 1),
(5, 4, 1),
(5, 5, 1),
(5, 6, 3),
(5, 7, 1),
(5, 8, 2),
(5, 9, 3),
(5, 10, 1),
(5, 11, 3),
(5, 12, 2),
(5, 13, 1),
(5, 14, 1),
(5, 15, 1),
(5, 16, 3),
(5, 17, 3),
(5, 18, 3),
(5, 19, 3),
(5, 20, 1),
(5, 21, 3),
(5, 22, 3),
(5, 23, 1),
(5, 24, 3),
(6, 1, 3),
(6, 2, 2),
(6, 3, 3),
(6, 4, 3),
(6, 5, 3),
(6, 6, 1),
(6, 7, 3),
(6, 8, 1),
(6, 9, 3),
(6, 10, 3),
(6, 11, 1),
(6, 12, 3),
(6, 13, 1),
(6, 14, 2),
(6, 15, 3),
(6, 16, 1),
(6, 17, 1),
(6, 18, 1),
(6, 19, 1),
(6, 20, 3),
(6, 21, 1),
(6, 22, 1),
(6, 23, 3),
(6, 24, 1),
(7, 1, 2),
(7, 2, 3),
(7, 3, 3),
(7, 4, 3),
(7, 5, 3),
(7, 6, 1),
(7, 7, 3),
(7, 8, 1),
(7, 9, 3),
(7, 10, 3),
(7, 11, 1),
(7, 12, 3),
(7, 13, 1),
(7, 14, 1),
(7, 15, 3),
(7, 16, 1),
(7, 17, 3),
(7, 18, 1),
(7, 19, 1),
(7, 20, 1),
(7, 21, 3),
(7, 22, 1),
(7, 23, 3),
(7, 24, 1),
(8, 1, 1),
(8, 2, 3),
(8, 3, 1),
(8, 4, 1),
(8, 5, 1),
(8, 6, 3),
(8, 7, 1),
(8, 8, 3),
(8, 9, 3),
(8, 10, 1),
(8, 11, 3),
(8, 12, 2),
(8, 13, 1),
(8, 14, 1),
(8, 15, 1),
(8, 16, 3),
(8, 17, 3),
(8, 18, 3),
(8, 19, 3),
(8, 20, 1),
(8, 21, 3),
(8, 22, 3),
(8, 23, 1),
(8, 24, 3),
(9, 1, 3),
(9, 2, 1),
(9, 3, 3),
(9, 4, 3),
(9, 5, 3),
(9, 6, 1),
(9, 7, 3),
(9, 8, 1),
(9, 9, 1),
(9, 10, 3),
(9, 11, 1),
(9, 12, 1),
(9, 13, 1),
(9, 14, 3),
(9, 15, 3),
(9, 16, 1),
(9, 17, 1),
(9, 18, 1),
(9, 19, 1),
(9, 20, 3),
(9, 21, 1),
(9, 22, 1),
(9, 23, 3),
(9, 24, 3),
(10, 1, 3),
(10, 2, 2),
(10, 3, 1),
(10, 4, 2),
(10, 5, 2),
(10, 6, 1),
(10, 7, 3),
(10, 8, 1),
(10, 9, 3),
(10, 10, 1),
(10, 11, 1),
(10, 12, 5),
(10, 13, 1),
(10, 14, 2),
(10, 15, 3),
(11, 1, 1),
(73, 1, 1),
(74, 1, 1),
(76, 1, 1),
(76, 2, 3),
(76, 3, 4),
(76, 4, 2),
(76, 5, 5),
(76, 6, 4),
(76, 7, 2),
(76, 8, 4),
(76, 9, 3),
(76, 10, 3),
(76, 11, 1),
(76, 12, 4),
(76, 13, 1),
(76, 14, 2),
(77, 1, 1),
(77, 2, 2),
(77, 3, 3),
(77, 4, 1),
(77, 5, 4),
(77, 6, 3),
(77, 7, 1),
(77, 8, 4),
(77, 9, 1),
(77, 10, 2),
(77, 11, 5),
(77, 12, 2),
(77, 13, 1),
(77, 14, 2),
(78, 1, 1),
(78, 2, 2),
(78, 3, 3),
(78, 4, 3),
(78, 5, 3),
(78, 6, 3),
(78, 7, 3),
(78, 8, 3),
(78, 9, 3),
(78, 10, 3),
(78, 11, 3),
(78, 12, 3),
(78, 13, 4),
(78, 14, 2),
(79, 1, 4),
(79, 2, 1),
(79, 3, 3),
(79, 4, 2),
(79, 5, 3),
(79, 6, 1),
(79, 7, 4),
(79, 8, 2),
(79, 9, 5),
(79, 10, 2),
(79, 11, 1),
(80, 1, 1),
(80, 2, 4),
(80, 3, 2),
(80, 4, 3),
(80, 5, 2),
(80, 6, 1),
(80, 7, 4),
(80, 8, 1),
(80, 9, 4),
(80, 10, 1),
(80, 11, 1),
(80, 12, 5),
(80, 13, 1),
(80, 14, 2),
(81, 1, 4),
(81, 2, 2),
(81, 3, 2),
(86, 1, 1),
(87, 1, 1),
(91, 1, 1),
(91, 1, 4),
(91, 2, 1),
(91, 3, 1),
(91, 4, 1),
(91, 5, 1),
(91, 6, 1),
(91, 7, 1),
(91, 8, 1),
(91, 9, 1),
(91, 10, 1),
(91, 11, 1),
(91, 12, 1),
(91, 13, 1),
(91, 14, 1),
(91, 14, 2),
(91, 14, 3),
(91, 14, 5),
(92, 1, 4),
(92, 2, 1),
(92, 2, 2),
(92, 3, 1),
(92, 3, 2),
(92, 4, 1),
(92, 4, 3),
(92, 5, 1),
(92, 5, 3),
(92, 6, 1),
(92, 7, 2),
(92, 7, 4),
(92, 8, 1),
(93, 1, 4),
(93, 2, 2),
(93, 3, 2),
(93, 4, 3),
(93, 5, 4),
(93, 6, 1),
(93, 7, 2),
(93, 8, 2),
(93, 9, 2),
(93, 10, 2),
(93, 11, 1),
(93, 12, 2),
(93, 13, 2),
(93, 14, 2),
(93, 15, 5),
(94, 1, 1),
(94, 2, 1),
(94, 3, 1),
(94, 4, 1),
(94, 5, 1),
(94, 6, 1),
(94, 7, 1),
(94, 8, 1),
(94, 9, 1),
(94, 10, 1),
(94, 11, 1),
(94, 12, 1),
(94, 13, 1),
(94, 14, 1),
(94, 15, 1),
(95, 1, 4),
(95, 2, 2),
(95, 3, 2),
(95, 4, 1),
(95, 5, 4),
(95, 6, 1),
(95, 7, 2),
(95, 8, 1),
(95, 9, 4),
(95, 10, 3),
(95, 11, 1),
(95, 12, 1),
(95, 12, 4),
(95, 13, 1),
(95, 13, 2),
(95, 14, 1),
(95, 14, 5),
(95, 15, 1),
(95, 15, 3),
(96, 1, 1),
(96, 2, 1),
(96, 3, 1),
(96, 4, 1),
(96, 5, 1),
(96, 6, 1),
(96, 7, 1),
(96, 8, 1),
(96, 9, 1),
(96, 10, 1),
(96, 11, 1),
(96, 12, 1),
(96, 13, 2),
(96, 14, 2),
(96, 15, 2),
(97, 1, 1),
(97, 2, 1),
(97, 3, 1),
(97, 4, 1),
(97, 5, 1),
(97, 6, 1),
(97, 7, 1),
(97, 8, 1),
(97, 9, 1),
(97, 10, 1),
(97, 11, 1),
(97, 12, 1),
(97, 13, 1),
(97, 14, 1),
(97, 15, 1),
(99, 1, 1),
(99, 1, 3),
(99, 2, 1),
(99, 3, 1),
(99, 4, 2),
(99, 5, 3),
(99, 6, 1),
(99, 7, 2),
(99, 8, 1),
(99, 9, 3),
(99, 10, 1),
(99, 11, 1),
(99, 12, 3),
(99, 13, 1),
(99, 14, 1),
(99, 15, 2),
(100, 1, 3),
(100, 2, 1),
(100, 3, 3),
(100, 4, 3),
(100, 5, 3),
(100, 6, 1),
(100, 7, 3),
(100, 8, 1),
(100, 9, 1),
(100, 10, 1),
(100, 11, 1),
(100, 12, 1),
(100, 13, 2),
(100, 14, 1),
(100, 15, 3),
(101, 1, 3),
(101, 2, 1),
(101, 3, 1),
(101, 4, 2),
(101, 5, 2),
(101, 6, 1),
(101, 7, 2),
(101, 8, 1),
(101, 9, 3),
(101, 10, 1),
(101, 11, 1),
(101, 12, 3),
(101, 13, 1),
(101, 14, 1),
(101, 15, 2),
(102, 1, 2),
(102, 2, 3),
(102, 3, 1),
(102, 4, 1),
(102, 5, 1),
(102, 6, 3),
(102, 7, 1),
(102, 8, 3),
(102, 9, 3),
(102, 10, 1),
(102, 11, 3),
(102, 12, 2),
(102, 13, 1),
(102, 14, 1),
(102, 15, 1),
(103, 1, 3),
(103, 2, 1),
(103, 3, 3),
(103, 4, 3),
(103, 5, 3),
(103, 6, 1),
(103, 7, 3),
(103, 8, 1),
(103, 9, 1),
(103, 10, 1),
(103, 11, 1),
(103, 12, 1),
(103, 13, 2),
(103, 14, 1),
(103, 15, 3),
(103, 16, 1),
(104, 1, 3),
(104, 2, 1),
(104, 3, 3),
(104, 4, 3),
(104, 5, 3),
(104, 6, 1),
(104, 7, 3),
(104, 8, 1),
(104, 9, 2),
(104, 10, 3),
(104, 11, 1),
(104, 12, 1),
(104, 13, 2),
(104, 14, 1),
(104, 15, 3),
(104, 16, 1),
(107, 1, 3),
(107, 2, 1),
(107, 3, 1),
(107, 4, 2),
(107, 5, 2),
(107, 6, 1),
(107, 7, 2),
(107, 8, 1),
(107, 9, 3),
(107, 10, 1),
(107, 11, 1),
(107, 12, 3),
(107, 13, 1),
(107, 14, 1),
(107, 15, 2),
(107, 16, 1),
(108, 1, 2),
(108, 2, 2),
(108, 3, 3),
(108, 4, 3),
(108, 5, 3),
(108, 6, 2),
(108, 7, 3),
(108, 8, 2),
(108, 9, 2),
(108, 10, 2),
(108, 11, 1),
(108, 12, 1),
(108, 13, 1),
(108, 14, 1),
(108, 15, 2),
(108, 16, 2),
(109, 1, 1),
(109, 2, 1),
(109, 3, 1),
(109, 4, 1),
(109, 5, 1),
(109, 6, 1),
(109, 7, 1),
(109, 8, 1),
(109, 9, 1),
(109, 10, 1),
(109, 11, 1),
(109, 12, 1),
(109, 13, 1),
(109, 14, 1),
(109, 15, 1),
(109, 16, 1),
(110, 1, 1),
(110, 2, 2),
(110, 3, 1),
(110, 4, 3),
(110, 5, 1),
(110, 6, 2),
(110, 7, 1),
(110, 8, 2),
(110, 9, 1),
(110, 10, 2),
(110, 11, 1),
(110, 12, 1),
(110, 13, 1),
(110, 14, 1),
(110, 15, 1),
(110, 16, 1),
(111, 1, 1),
(111, 2, 1),
(111, 3, 1),
(111, 4, 1),
(111, 5, 1),
(111, 6, 1),
(111, 7, 1),
(111, 8, 1),
(111, 9, 1),
(111, 10, 1),
(111, 11, 1),
(111, 12, 1),
(111, 13, 1),
(111, 14, 1),
(111, 15, 1),
(111, 16, 1),
(112, 1, 1),
(112, 2, 1),
(112, 3, 1),
(112, 4, 1),
(112, 5, 1),
(112, 6, 1),
(112, 7, 1),
(112, 8, 1),
(112, 9, 1),
(112, 10, 1),
(112, 11, 1),
(112, 12, 2),
(112, 13, 3),
(112, 14, 3),
(112, 15, 3),
(112, 16, 3),
(113, 1, 1),
(113, 2, 1),
(113, 3, 1),
(113, 4, 1),
(113, 5, 1),
(113, 6, 1),
(113, 7, 1),
(113, 8, 1),
(113, 9, 1),
(113, 10, 1),
(113, 11, 1),
(113, 12, 1),
(113, 13, 1),
(113, 14, 1),
(113, 15, 1),
(113, 16, 1),
(114, 1, 1),
(114, 2, 1),
(114, 3, 1),
(114, 4, 2),
(114, 5, 2),
(114, 6, 2),
(114, 7, 2),
(114, 8, 2),
(114, 9, 2),
(114, 10, 2),
(114, 11, 2),
(114, 12, 2),
(114, 13, 2),
(114, 14, 2),
(114, 15, 2),
(114, 16, 2),
(115, 1, 1),
(115, 2, 1),
(115, 3, 1),
(115, 4, 1),
(115, 5, 1),
(115, 6, 1),
(115, 7, 1),
(115, 8, 1),
(115, 9, 1),
(115, 10, 1),
(115, 11, 1),
(115, 12, 1),
(115, 13, 1),
(115, 14, 1),
(115, 15, 1),
(115, 16, 1),
(116, 1, 1),
(117, 1, 1),
(117, 2, 1),
(117, 3, 1),
(117, 4, 1),
(117, 5, 1),
(117, 6, 1),
(117, 7, 1),
(117, 8, 1),
(117, 9, 1),
(117, 10, 1),
(117, 11, 1),
(117, 12, 1),
(117, 13, 1),
(117, 14, 1),
(117, 15, 1),
(117, 16, 1),
(118, 1, 1),
(119, 1, 1),
(119, 2, 1),
(119, 3, 1),
(119, 4, 1),
(119, 5, 2),
(119, 6, 3),
(119, 7, 2),
(119, 8, 1),
(120, 1, 1),
(120, 2, 1),
(126, 1, 1),
(141, 1, 1),
(141, 2, 1),
(141, 3, 1),
(141, 4, 1),
(141, 5, 1),
(141, 6, 1),
(141, 7, 1),
(141, 8, 1),
(141, 9, 1),
(141, 10, 1),
(141, 11, 1),
(141, 12, 1),
(141, 13, 1),
(141, 14, 1),
(141, 15, 1),
(141, 16, 1),
(142, 1, 3),
(142, 2, 1),
(142, 3, 1),
(142, 4, 1),
(142, 5, 2),
(142, 6, 1),
(142, 7, 2),
(142, 8, 1),
(142, 9, 3),
(142, 10, 1),
(142, 11, 1),
(142, 12, 3),
(142, 13, 1),
(142, 14, 1),
(142, 15, 2),
(142, 16, 1),
(143, 1, 1),
(143, 2, 1),
(143, 3, 1),
(143, 4, 1),
(143, 5, 1),
(143, 6, 2),
(144, 1, 1),
(144, 2, 1),
(144, 3, 1),
(146, 1, 3),
(146, 2, 1),
(147, 1, 1),
(147, 2, 1),
(147, 3, 1),
(147, 4, 3),
(156, 1, 1),
(156, 2, 1),
(156, 3, 2),
(156, 4, 3),
(157, 1, 1),
(157, 2, 1),
(157, 3, 2),
(157, 4, 1),
(157, 5, 1),
(157, 6, 1),
(157, 7, 2),
(157, 8, 3),
(157, 9, 1),
(157, 10, 2),
(157, 11, 1),
(157, 12, 1),
(157, 13, 1),
(157, 14, 1),
(157, 15, 1),
(157, 16, 1),
(168, 1, 1),
(168, 2, 1),
(168, 3, 1),
(168, 4, 1),
(168, 5, 1),
(168, 6, 1),
(168, 7, 1),
(168, 8, 1),
(168, 9, 1),
(168, 10, 1),
(168, 11, 1),
(168, 12, 1),
(168, 13, 1),
(168, 14, 1),
(168, 15, 1),
(168, 16, 1),
(169, 1, 3),
(169, 2, 1),
(169, 3, 1),
(169, 4, 1),
(169, 5, 2),
(169, 6, 1),
(169, 7, 2),
(169, 8, 1),
(169, 9, 3),
(169, 10, 1),
(169, 11, 1),
(169, 12, 3),
(169, 13, 1),
(169, 14, 1),
(169, 15, 2),
(169, 16, 1),
(170, 1, 3),
(170, 2, 1),
(170, 3, 1),
(170, 4, 1),
(170, 5, 1),
(170, 6, 3),
(170, 7, 1),
(170, 8, 2),
(170, 9, 1),
(170, 10, 1),
(170, 11, 2),
(170, 12, 2),
(170, 13, 1),
(170, 14, 1),
(170, 15, 1),
(170, 16, 3),
(171, 1, 1),
(171, 2, 2),
(171, 3, 1),
(171, 4, 1),
(171, 5, 1),
(171, 6, 3),
(171, 7, 1),
(171, 8, 2),
(171, 9, 1),
(171, 10, 1),
(171, 11, 2),
(171, 12, 2),
(171, 13, 1),
(171, 14, 1),
(171, 15, 1),
(171, 16, 3),
(172, 1, 3),
(172, 2, 1),
(172, 3, 1),
(172, 4, 1),
(172, 5, 2),
(172, 6, 1),
(172, 7, 1),
(172, 8, 1),
(172, 9, 1),
(172, 10, 1),
(172, 11, 1),
(172, 12, 1),
(172, 13, 1),
(172, 14, 1),
(172, 15, 1),
(172, 16, 1),
(173, 1, 1),
(173, 2, 1),
(173, 3, 1),
(173, 4, 1),
(173, 5, 1),
(173, 6, 1),
(173, 7, 1),
(173, 8, 1),
(173, 9, 1),
(173, 10, 1),
(173, 11, 1),
(173, 12, 1),
(173, 13, 1),
(173, 14, 1),
(173, 15, 1),
(173, 16, 1),
(191, 1, 1),
(191, 2, 1),
(191, 3, 1),
(191, 4, 1),
(191, 5, 3),
(191, 6, 1),
(191, 7, 3),
(191, 8, 1),
(191, 9, 2),
(191, 10, 1),
(191, 11, 1),
(192, 1, 1),
(192, 2, 1),
(192, 3, 1),
(192, 4, 1),
(192, 5, 1),
(192, 6, 1),
(192, 7, 1),
(192, 8, 1),
(192, 9, 1),
(192, 10, 1),
(192, 11, 1),
(192, 12, 1),
(192, 13, 1),
(192, 14, 1),
(192, 15, 1),
(192, 16, 1),
(193, 1, 1),
(193, 2, 1),
(193, 3, 1),
(193, 4, 1),
(193, 5, 1),
(193, 6, 1),
(193, 7, 1),
(193, 8, 1),
(193, 9, 1),
(193, 10, 1),
(193, 11, 1),
(194, 1, 1),
(194, 2, 1),
(194, 3, 1),
(194, 4, 1),
(194, 5, 1),
(194, 6, 1),
(194, 7, 1),
(194, 8, 1),
(194, 9, 1),
(194, 10, 1),
(194, 11, 1),
(195, 1, 1),
(195, 2, 1),
(195, 3, 1),
(195, 4, 1),
(195, 5, 1),
(195, 6, 1),
(195, 7, 1),
(195, 8, 1),
(195, 9, 1),
(195, 10, 1),
(195, 11, 1),
(195, 12, 1),
(195, 13, 1),
(195, 14, 1),
(195, 15, 1),
(195, 16, 1),
(196, 1, 1),
(196, 2, 2),
(196, 3, 1),
(196, 4, 3),
(196, 5, 2),
(196, 6, 1),
(196, 7, 2),
(196, 8, 3),
(196, 9, 1),
(196, 10, 2),
(196, 11, 1),
(196, 12, 1),
(196, 13, 2),
(196, 14, 1),
(196, 15, 3),
(196, 16, 1),
(197, 1, 1),
(197, 2, 1),
(197, 3, 1),
(197, 4, 1),
(197, 5, 2),
(197, 6, 1),
(197, 7, 1),
(197, 8, 2),
(197, 9, 1),
(197, 10, 1),
(197, 11, 1),
(197, 12, 1),
(197, 13, 1),
(197, 14, 1),
(197, 15, 1),
(197, 16, 3),
(251, 1, 1),
(251, 2, 1),
(271, 1, 1),
(271, 2, 1),
(271, 3, 1),
(271, 4, 1),
(271, 5, 1),
(271, 6, 1),
(271, 7, 1),
(271, 8, 1),
(271, 9, 1),
(271, 10, 1),
(271, 11, 1),
(271, 12, 1),
(271, 13, 1),
(271, 14, 1),
(271, 15, 1),
(271, 16, 1),
(272, 1, 1),
(272, 2, 1),
(272, 3, 1),
(272, 4, 1),
(272, 5, 1),
(272, 6, 1),
(272, 7, 1),
(272, 8, 1),
(272, 9, 1),
(272, 10, 1),
(272, 11, 1),
(272, 12, 1),
(272, 13, 1),
(272, 14, 1),
(272, 15, 1),
(272, 16, 1),
(273, 1, 3),
(273, 2, 1),
(273, 3, 1),
(273, 4, 3),
(273, 5, 2),
(273, 6, 1),
(273, 7, 3),
(273, 8, 1),
(273, 9, 2),
(273, 10, 2),
(273, 11, 1),
(273, 12, 1),
(273, 13, 1),
(273, 14, 1),
(273, 15, 2),
(273, 16, 1),
(274, 1, 3),
(274, 2, 1),
(274, 3, 1),
(274, 4, 1),
(274, 5, 3),
(274, 6, 1),
(274, 7, 3),
(274, 8, 1),
(274, 9, 1),
(274, 10, 1),
(274, 11, 1),
(274, 12, 3),
(274, 13, 1),
(274, 14, 1),
(274, 15, 3),
(274, 16, 1),
(275, 1, 1),
(275, 2, 1),
(275, 3, 1),
(275, 4, 1),
(275, 5, 1),
(275, 6, 1),
(275, 7, 1),
(275, 8, 1),
(275, 9, 1),
(275, 10, 1),
(275, 11, 1),
(275, 12, 3),
(275, 13, 1),
(275, 14, 1),
(275, 15, 1),
(275, 16, 1),
(276, 1, 1),
(276, 2, 1),
(276, 3, 1),
(276, 4, 1),
(276, 5, 1),
(276, 6, 1),
(276, 7, 1),
(276, 8, 1),
(276, 9, 1),
(276, 10, 1),
(276, 11, 1),
(276, 12, 1),
(276, 13, 1),
(276, 14, 1),
(276, 15, 1),
(276, 16, 1),
(277, 1, 1),
(277, 2, 1),
(277, 3, 1),
(277, 4, 1),
(277, 5, 1),
(277, 6, 1),
(277, 7, 1),
(277, 8, 1),
(277, 9, 1),
(277, 10, 1),
(277, 11, 1),
(277, 12, 1),
(277, 13, 1),
(277, 14, 1),
(277, 15, 1),
(277, 16, 1),
(277, 17, 1),
(278, 1, 1),
(278, 2, 1),
(278, 3, 1),
(278, 4, 1),
(278, 5, 1),
(278, 6, 1),
(278, 7, 1),
(278, 8, 1),
(278, 9, 1),
(278, 10, 1),
(278, 11, 1),
(279, 1, 1),
(279, 2, 1),
(279, 3, 1),
(279, 4, 1),
(279, 5, 1),
(279, 6, 1),
(279, 7, 1),
(279, 8, 1),
(279, 9, 1),
(279, 10, 1),
(279, 11, 1),
(279, 12, 1),
(279, 13, 1),
(279, 14, 1),
(279, 15, 3),
(279, 16, 1),
(279, 17, 1),
(280, 1, 1),
(280, 2, 2),
(280, 3, 1),
(280, 4, 1),
(280, 5, 1),
(280, 6, 1),
(281, 1, 1),
(281, 2, 2),
(281, 3, 1),
(281, 4, 1),
(281, 5, 1),
(281, 6, 3),
(281, 7, 1),
(281, 8, 1),
(281, 9, 1),
(281, 10, 1),
(281, 11, 2),
(281, 12, 1),
(281, 13, 1),
(281, 14, 1),
(281, 15, 1),
(281, 16, 3),
(281, 17, 3),
(282, 1, 3),
(282, 2, 1),
(282, 3, 1),
(282, 4, 2),
(282, 5, 2),
(282, 6, 1),
(282, 7, 2),
(282, 8, 1),
(282, 9, 3),
(282, 10, 1),
(282, 11, 1),
(282, 12, 3),
(282, 13, 1),
(282, 14, 1),
(282, 15, 2),
(282, 16, 1),
(282, 17, 1),
(285, 1, 3),
(285, 2, 2),
(285, 3, 1),
(285, 4, 2),
(285, 5, 2),
(285, 6, 1),
(285, 7, 2),
(285, 8, 1),
(285, 9, 3),
(285, 10, 1),
(285, 11, 1),
(285, 12, 3),
(285, 13, 1),
(285, 14, 1),
(285, 15, 2),
(285, 16, 1),
(285, 17, 1),
(286, 1, 1),
(286, 2, 1),
(288, 1, 3),
(288, 2, 1),
(288, 3, 1),
(288, 4, 1),
(288, 5, 3),
(288, 6, 1),
(288, 7, 3),
(288, 8, 1),
(288, 9, 3),
(288, 10, 2),
(288, 11, 1),
(288, 12, 3),
(288, 13, 1),
(288, 14, 2),
(288, 15, 1),
(288, 16, 3),
(288, 17, 1),
(288, 18, 1),
(288, 19, 1),
(288, 20, 3),
(288, 21, 1),
(288, 22, 1),
(288, 23, 3),
(288, 24, 1),
(289, 1, 1),
(289, 2, 2),
(289, 3, 1),
(289, 4, 1),
(289, 5, 1),
(289, 6, 3),
(289, 7, 1),
(289, 8, 1),
(289, 9, 1),
(289, 10, 1),
(289, 11, 2),
(289, 12, 1),
(289, 13, 1),
(289, 14, 1),
(289, 15, 1),
(289, 16, 3),
(289, 17, 3),
(289, 18, 3),
(289, 19, 3),
(289, 20, 1),
(289, 21, 3),
(289, 22, 3),
(289, 23, 1),
(289, 24, 2),
(290, 1, 1),
(290, 2, 1),
(290, 3, 1),
(290, 4, 1),
(290, 5, 1),
(290, 6, 1),
(290, 7, 1),
(290, 8, 1),
(290, 9, 1),
(290, 10, 1),
(290, 11, 1),
(290, 12, 1),
(290, 13, 1),
(290, 14, 1),
(290, 15, 1),
(290, 16, 1),
(290, 17, 1),
(290, 18, 1),
(290, 19, 1),
(290, 20, 1),
(290, 21, 1),
(290, 22, 1),
(290, 23, 1),
(290, 24, 3),
(292, 1, 1),
(292, 2, 1),
(292, 3, 1),
(292, 4, 1),
(292, 5, 1),
(292, 6, 1),
(292, 7, 1),
(292, 8, 1),
(292, 9, 1),
(292, 10, 1),
(292, 11, 1),
(292, 12, 1),
(292, 13, 1),
(292, 14, 1),
(292, 15, 1),
(292, 16, 1),
(292, 17, 1),
(292, 18, 1),
(292, 19, 1),
(292, 20, 1),
(292, 21, 1),
(292, 22, 1),
(292, 23, 1),
(292, 24, 1),
(293, 1, 1),
(293, 2, 1),
(293, 3, 1),
(293, 4, 1),
(293, 5, 1),
(293, 6, 1),
(293, 7, 1),
(293, 8, 1),
(293, 9, 1),
(293, 10, 1),
(293, 11, 1),
(293, 12, 1),
(293, 13, 1),
(293, 14, 1),
(293, 15, 1),
(293, 16, 1),
(293, 17, 1),
(293, 18, 1),
(293, 19, 1),
(293, 20, 1),
(293, 21, 1),
(293, 22, 1),
(293, 23, 1),
(293, 24, 1),
(294, 1, 1),
(294, 2, 1),
(294, 3, 1),
(294, 4, 1),
(294, 5, 1),
(294, 6, 1),
(294, 7, 1),
(294, 8, 1),
(294, 9, 1),
(294, 10, 1),
(294, 11, 1),
(294, 12, 1),
(294, 13, 1),
(294, 14, 1),
(294, 15, 1),
(294, 16, 1),
(294, 17, 1),
(294, 18, 1),
(294, 19, 1),
(294, 20, 1),
(294, 21, 1),
(294, 22, 1),
(294, 23, 1),
(294, 24, 1),
(295, 1, 1),
(295, 2, 1),
(295, 3, 1),
(295, 4, 1),
(295, 5, 1),
(295, 6, 1),
(295, 7, 1),
(295, 8, 1),
(295, 9, 1),
(295, 10, 1),
(295, 11, 1),
(295, 12, 1),
(295, 13, 1),
(295, 14, 1),
(295, 15, 1),
(295, 16, 1),
(295, 17, 1),
(295, 18, 1),
(295, 19, 1),
(295, 20, 1),
(295, 21, 1),
(295, 22, 1),
(295, 23, 1),
(295, 24, 1),
(296, 1, 1),
(296, 2, 1),
(296, 3, 1),
(296, 4, 1),
(296, 5, 1),
(296, 6, 1),
(296, 7, 1),
(296, 8, 1),
(296, 9, 1),
(296, 10, 1),
(296, 11, 1),
(296, 12, 1),
(296, 13, 1),
(296, 14, 1),
(296, 15, 1),
(296, 16, 1),
(296, 17, 1),
(296, 18, 1),
(296, 19, 1),
(296, 20, 1),
(296, 21, 1),
(296, 22, 1),
(296, 23, 1),
(296, 24, 1),
(297, 1, 1),
(297, 2, 1),
(297, 3, 1),
(297, 4, 1),
(297, 5, 1),
(297, 6, 1),
(297, 7, 1),
(297, 8, 1),
(297, 9, 1),
(297, 10, 1),
(297, 11, 1),
(297, 12, 1),
(297, 13, 1),
(297, 14, 1),
(297, 15, 1),
(297, 16, 1),
(297, 17, 1),
(297, 18, 1),
(297, 19, 1),
(297, 20, 1),
(297, 21, 1),
(297, 22, 1),
(297, 23, 1),
(297, 24, 1),
(298, 1, 1),
(298, 2, 1),
(298, 3, 1),
(298, 4, 1),
(298, 5, 1),
(298, 6, 1),
(298, 7, 1),
(298, 8, 1),
(298, 9, 1),
(298, 10, 1),
(298, 11, 1),
(298, 12, 1),
(298, 13, 1),
(298, 14, 1),
(298, 15, 1),
(298, 16, 1),
(298, 17, 1),
(298, 18, 1),
(298, 19, 1),
(298, 20, 1),
(298, 21, 1),
(298, 22, 1),
(298, 23, 1),
(298, 24, 1),
(299, 1, 1),
(299, 2, 1),
(299, 3, 1),
(299, 4, 1),
(299, 5, 1),
(299, 6, 1),
(299, 7, 1),
(299, 8, 1),
(299, 9, 1),
(299, 10, 1),
(299, 11, 1),
(299, 12, 1),
(299, 13, 1),
(299, 14, 1),
(299, 15, 1),
(299, 16, 1),
(299, 17, 1),
(299, 18, 1),
(299, 19, 1),
(299, 20, 1),
(299, 21, 1),
(299, 22, 1),
(299, 23, 1),
(299, 24, 1),
(300, 1, 3),
(300, 2, 1),
(300, 3, 1),
(300, 4, 2),
(300, 5, 2),
(300, 6, 1),
(300, 7, 2),
(300, 8, 1),
(300, 9, 3),
(300, 10, 1),
(300, 11, 1),
(300, 12, 3),
(300, 13, 1),
(300, 14, 1),
(300, 15, 2),
(300, 16, 1),
(300, 17, 1),
(300, 18, 1),
(300, 19, 3),
(300, 20, 2),
(300, 21, 1),
(300, 22, 2),
(300, 23, 2),
(300, 24, 3),
(301, 1, 2),
(301, 2, 2),
(301, 3, 1),
(301, 4, 1),
(301, 5, 2),
(301, 6, 3),
(301, 7, 2),
(301, 8, 1),
(301, 9, 2),
(301, 10, 1),
(301, 11, 1),
(301, 12, 1),
(301, 13, 1),
(301, 14, 1),
(301, 15, 1),
(301, 16, 1),
(301, 17, 3),
(301, 18, 2),
(301, 19, 3),
(301, 20, 2),
(301, 21, 2),
(301, 22, 2),
(301, 23, 2),
(301, 24, 3),
(302, 1, 1),
(304, 1, 3),
(304, 2, 1),
(304, 3, 1),
(304, 4, 1),
(305, 1, 1),
(305, 2, 2),
(305, 3, 3),
(305, 4, 3),
(305, 5, 3),
(305, 6, 1),
(305, 7, 3),
(305, 8, 1),
(305, 9, 3),
(305, 10, 3),
(305, 11, 1),
(305, 12, 3),
(305, 13, 1),
(305, 14, 1),
(305, 15, 3),
(305, 16, 2),
(305, 17, 2),
(305, 18, 1),
(305, 19, 1),
(305, 20, 1),
(305, 21, 2),
(305, 22, 1),
(305, 23, 3),
(305, 24, 1),
(307, 1, 1),
(307, 2, 1),
(307, 3, 1),
(307, 4, 1),
(307, 5, 1),
(307, 6, 1),
(307, 7, 1),
(307, 8, 1),
(307, 9, 1),
(307, 10, 1),
(307, 11, 1),
(307, 12, 1),
(307, 13, 1),
(307, 14, 1),
(307, 15, 1),
(307, 15, 3),
(307, 16, 1),
(307, 17, 1),
(307, 18, 1),
(307, 19, 1),
(307, 20, 1),
(307, 21, 1),
(307, 22, 1),
(307, 23, 1),
(307, 24, 1),
(308, 1, 1),
(308, 2, 1),
(308, 3, 2),
(308, 4, 1),
(308, 5, 1),
(308, 6, 1),
(308, 7, 1),
(308, 8, 1),
(308, 9, 1),
(308, 10, 1),
(308, 11, 1),
(308, 12, 1),
(308, 13, 2),
(308, 14, 1),
(308, 15, 1),
(308, 16, 1),
(308, 17, 1),
(308, 18, 1),
(308, 19, 1),
(308, 20, 1),
(308, 21, 1),
(308, 22, 1),
(308, 23, 1),
(308, 24, 1),
(310, 1, 3),
(310, 2, 2),
(310, 3, 1),
(310, 4, 2),
(310, 5, 2),
(310, 6, 1),
(310, 7, 2),
(310, 8, 1),
(310, 9, 3),
(310, 10, 1),
(310, 11, 1),
(310, 12, 3),
(310, 13, 1),
(310, 14, 1),
(310, 15, 2),
(310, 16, 1),
(310, 17, 2),
(310, 18, 1),
(310, 19, 2),
(310, 20, 2),
(310, 21, 1),
(310, 22, 2),
(310, 23, 2),
(310, 24, 3),
(311, 1, 1),
(311, 2, 1),
(311, 3, 1),
(311, 4, 1),
(311, 5, 1),
(311, 6, 1),
(311, 7, 1),
(311, 8, 1),
(311, 9, 1),
(311, 10, 1),
(311, 11, 1),
(311, 12, 1),
(311, 13, 1),
(311, 14, 1),
(311, 15, 1),
(311, 16, 1),
(311, 17, 1),
(311, 18, 1),
(311, 19, 1),
(311, 20, 1),
(311, 21, 1),
(311, 22, 1),
(311, 23, 1),
(311, 24, 1),
(312, 1, 1),
(312, 2, 1),
(312, 3, 1),
(312, 4, 1),
(312, 5, 1),
(312, 6, 1),
(312, 7, 1),
(312, 8, 1),
(312, 9, 1),
(312, 10, 1),
(312, 11, 1),
(312, 12, 1),
(312, 13, 1),
(312, 14, 1),
(312, 15, 1),
(312, 16, 1),
(312, 17, 1),
(312, 18, 1),
(312, 19, 1),
(312, 20, 1),
(312, 21, 1),
(312, 22, 1),
(312, 23, 1),
(312, 24, 1),
(313, 1, 1),
(313, 2, 1),
(313, 3, 1),
(313, 4, 1),
(313, 5, 1),
(313, 6, 1),
(313, 7, 1),
(313, 8, 1),
(313, 9, 1),
(313, 10, 1),
(313, 11, 1),
(313, 12, 1),
(313, 13, 1),
(313, 14, 1),
(313, 15, 1),
(313, 16, 1),
(313, 17, 1),
(313, 18, 1),
(313, 19, 1),
(313, 20, 1),
(313, 21, 1),
(313, 22, 1),
(313, 23, 1),
(313, 24, 1),
(314, 1, 3),
(314, 2, 2),
(314, 3, 1),
(314, 4, 2),
(314, 5, 2),
(314, 6, 1),
(314, 7, 2),
(314, 8, 1),
(314, 9, 3),
(314, 10, 1),
(314, 11, 1),
(314, 12, 3),
(314, 13, 1),
(314, 14, 1),
(314, 15, 2),
(314, 16, 1),
(314, 17, 1),
(314, 18, 1),
(314, 19, 2),
(314, 20, 3),
(314, 21, 1),
(314, 22, 2),
(314, 23, 2),
(314, 24, 3),
(318, 1, 3),
(318, 2, 2),
(318, 3, 1),
(318, 4, 2),
(318, 5, 2),
(318, 6, 2),
(318, 7, 2),
(318, 8, 1),
(318, 9, 3),
(318, 10, 1),
(318, 11, 2),
(318, 12, 2),
(318, 13, 1),
(318, 14, 1),
(318, 15, 2),
(318, 16, 1),
(318, 17, 2),
(318, 18, 1),
(318, 19, 3),
(318, 20, 2),
(318, 21, 2),
(318, 22, 2),
(318, 23, 2),
(318, 24, 3),
(319, 1, 3),
(319, 2, 1),
(319, 3, 3),
(319, 4, 3),
(319, 5, 3),
(319, 6, 1),
(319, 7, 3),
(319, 8, 2),
(319, 9, 2),
(319, 10, 3),
(319, 11, 1),
(319, 12, 2),
(319, 13, 2),
(319, 14, 2),
(319, 15, 2),
(319, 16, 1),
(319, 17, 2),
(319, 18, 1),
(319, 19, 1),
(319, 20, 1),
(319, 21, 2),
(319, 22, 2),
(319, 23, 3),
(319, 24, 1),
(320, 1, 1),
(320, 2, 2),
(320, 3, 1),
(320, 4, 2),
(320, 5, 1),
(320, 6, 1),
(320, 7, 1),
(320, 8, 1),
(320, 9, 1),
(320, 10, 1),
(320, 11, 1),
(320, 12, 1),
(320, 13, 1),
(320, 14, 1),
(320, 15, 1),
(320, 16, 1),
(320, 17, 1),
(320, 18, 1),
(320, 19, 1),
(320, 20, 1),
(320, 21, 1),
(320, 22, 1),
(320, 23, 1),
(320, 24, 1),
(322, 1, 3),
(322, 2, 1),
(322, 3, 1),
(322, 4, 1),
(322, 5, 1),
(322, 6, 1),
(322, 7, 1),
(322, 8, 1),
(322, 9, 1),
(322, 10, 1),
(322, 11, 1),
(322, 12, 1),
(322, 13, 1),
(322, 14, 1),
(322, 15, 1),
(322, 16, 1),
(322, 17, 1),
(322, 18, 1),
(322, 19, 1),
(322, 20, 1),
(322, 21, 1),
(322, 22, 1),
(322, 23, 1),
(322, 24, 1),
(323, 1, 1),
(323, 2, 1),
(323, 3, 1),
(323, 4, 1),
(323, 5, 1),
(323, 6, 1),
(323, 7, 1),
(323, 8, 1),
(323, 9, 1),
(323, 10, 1),
(323, 11, 1),
(323, 12, 1),
(323, 13, 1),
(323, 14, 1),
(323, 15, 1),
(323, 16, 1),
(323, 17, 1),
(323, 18, 1),
(323, 19, 1),
(323, 20, 1),
(323, 21, 1),
(323, 22, 1),
(323, 23, 1),
(323, 24, 1);

-- --------------------------------------------------------

--
-- Table structure for table `area`
--

DROP TABLE IF EXISTS `area`;
CREATE TABLE `area` (
  `idarea` int(11) NOT NULL,
  `area` varchar(45) COLLATE utf8_bin DEFAULT NULL
) ENGINE=InnoDB DEFAULT CHARSET=utf8 COLLATE=utf8_bin;

--
-- Truncate table before insert `area`
--

TRUNCATE TABLE `area`;
--
-- Dumping data for table `area`
--

INSERT INTO `area` (`idarea`, `area`) VALUES
(1, 'Αστική'),
(2, 'Ημιαστική'),
(3, 'Αγροτική');

-- --------------------------------------------------------

--
-- Table structure for table `education`
--

DROP TABLE IF EXISTS `education`;
CREATE TABLE `education` (
  `ideducation` int(11) NOT NULL,
  `education` varchar(45) COLLATE utf8_bin NOT NULL
) ENGINE=InnoDB DEFAULT CHARSET=utf8 COLLATE=utf8_bin;

--
-- Truncate table before insert `education`
--

TRUNCATE TABLE `education`;
--
-- Dumping data for table `education`
--

INSERT INTO `education` (`ideducation`, `education`) VALUES
(1, 'Απολυτήριο Δημοτικού ή Γυμνασίου'),
(2, 'Απολυτήριο Λυκείου'),
(3, 'Πτυχίο ΙΕΚ'),
(4, 'Πτυχίο ΤΕΙ ή ΑΕΙ'),
(5, 'Μεταπτυχιακό'),
(6, 'Διδακτορικό');

-- --------------------------------------------------------

--
-- Table structure for table `epiloges`
--

DROP TABLE IF EXISTS `epiloges`;
CREATE TABLE `epiloges` (
  `id` int(11) NOT NULL,
  `epilogh` varchar(45) COLLATE utf8_bin DEFAULT NULL
) ENGINE=InnoDB DEFAULT CHARSET=utf8 COLLATE=utf8_bin;

--
-- Truncate table before insert `epiloges`
--

TRUNCATE TABLE `epiloges`;
--
-- Dumping data for table `epiloges`
--

INSERT INTO `epiloges` (`id`, `epilogh`) VALUES
(1, 'ΣΥΜΦΩΝΩ'),
(2, 'ΟΥΤΕ ΣΥΜΦΩΝΩ ΟΥΤΕ ΔΙΑΦΩΝΩ'),
(3, 'ΔΙΑΦΩΝΩ');

-- --------------------------------------------------------

--
-- Table structure for table `erwtiseis`
--

DROP TABLE IF EXISTS `erwtiseis`;
CREATE TABLE `erwtiseis` (
  `id` int(11) NOT NULL,
  `erwtisi` varchar(195) COLLATE utf8_bin DEFAULT NULL
) ENGINE=InnoDB DEFAULT CHARSET=utf8 COLLATE=utf8_bin;

--
-- Truncate table before insert `erwtiseis`
--

TRUNCATE TABLE `erwtiseis`;
--
-- Dumping data for table `erwtiseis`
--

INSERT INTO `erwtiseis` (`id`, `erwtisi`) VALUES
(1, 'Οι Ουκρανοί ευθύνονται για τον πόλεμο με τη Ρωσία'),
(2, 'Η Ελλάδα πρέπει πάσει θυσία να μείνει στην ΕΕ και στο ΝΑΤΟ'),
(3, 'Ο γάμος πρέπει να επιτρέπεται εξίσου για ομόφυλα και ετερόφυλα ζευγάρια'),
(4, 'Πρέπει να δοθεί το δικαίωμα της υιοθεσίας για ομόφυλα ζευγάρια'),
(5, 'Πρέπει να κατασκευαστεί τζαμί στην Αθήνα'),
(6, 'Είμαι υπέρ της πανεπιστημιακής αστυνομίας'),
(7, 'Είμαι υπέρ της χορήγησης υπηκοότητας σε μετανάστες και πρόσφυγες'),
(8, 'Η Ελλάδα είναι προτιμότερο να παραμείνει στο ευρώ'),
(9, 'Είμαι υπέρ της υποχρεωτικότητας του εμβολιασμού για τον COVID-19'),
(10, 'Οι γυναίκες πρέπει να μπορούν να αποφασίζουν για το θέμα της έκτρωσης'),
(11, 'Όσοι παραβιάζουν τους νόμους πρέπει να τιμωρούνται αυστηρότερα'),
(12, 'Συμφωνώ με το νόμο περί αποκλεισμού από την εκλογική διαδικασία ατόμων που έχουν καταδικαστεί πρωτόδικα για συμμετοχή σε εγκληματική οργάνωση(πχ κόμμα Κασιδιάρη)'),
(13, 'To δυστύχημα των Τεμπών ενέχει πολιτικές ευθύνες'),
(14, 'Το κράτος πρέπει να παρεμβαίνει στην ελεύθερη οικονομία'),
(15, 'Είμαι υπέρ της συμφωνίας των Πρεσπών'),
(16, 'Eίμαι υπέρ της αξιολόγησης των δημοσίων υπαλλήλων'),
(17, 'Είμαι υπέρ των ιδιωτικοποιήσεων μεγάλων κρατικών οργανισμών (πχ ΔΕΚΟ, λιμάνια κλπ)'),
(18, 'Πρέπει να απελαύνονται οι μετανάστες αν διαπράξουν κάποιο σοβαρό έγκλημα'),
(19, 'Η Ελλάδα πρέπει να αυξήσει τις εξοπλιστικές της δαπάνες  '),
(20, 'Η Ελλάδα πρέπει να αυξήσει τις δαπάνες για τα μέσα μαζικής μεταφοράς'),
(21, 'Είμαι υπέρ της ιδιωτικής ασφάλισης'),
(22, 'Οι συνδικαλιστικές οργανώσεις και τα εργατικά σωματεία που δραστηριοποιούνται στην Ελλάδα βλάπτουν τα συμφέροντα της χώρας'),
(23, 'Θα πρέπει οι αλλοδαποί που διαμένουν μόνιμα στην Ελλάδα να αποκτούν δικαίωμα ψήφου'),
(24, 'Eίμαι υπέρ της θανατικής ποινής για ειδεχθή εγκλήματα');

-- --------------------------------------------------------

--
-- Table structure for table `gender`
--

DROP TABLE IF EXISTS `gender`;
CREATE TABLE `gender` (
  `idgender` int(11) NOT NULL,
  `gender` varchar(85) COLLATE utf8_bin DEFAULT NULL
) ENGINE=InnoDB DEFAULT CHARSET=utf8 COLLATE=utf8_bin;

--
-- Truncate table before insert `gender`
--

TRUNCATE TABLE `gender`;
--
-- Dumping data for table `gender`
--

INSERT INTO `gender` (`idgender`, `gender`) VALUES
(1, 'Άνδρας'),
(2, 'Γυναίκα'),
(3, 'Άλλο ή απροσδιόριστο');

-- --------------------------------------------------------

--
-- Table structure for table `kommata`
--

DROP TABLE IF EXISTS `kommata`;
CREATE TABLE `kommata` (
  `id` int(11) NOT NULL,
  `komma` varchar(45) COLLATE utf8_bin DEFAULT NULL
) ENGINE=InnoDB DEFAULT CHARSET=utf8 COLLATE=utf8_bin;

--
-- Truncate table before insert `kommata`
--

TRUNCATE TABLE `kommata`;
--
-- Dumping data for table `kommata`
--

INSERT INTO `kommata` (`id`, `komma`) VALUES
(1, 'ΝΕΑ ΔΗΜΟΚΡΑΤΙΑ'),
(2, 'ΣΥΡΙΖΑ'),
(3, 'ΠΑΣΟΚ'),
(4, 'ΚΚΕ '),
(5, 'ΜΕΡΑ 25'),
(6, 'ΕΛΛΗΝΙΚΗ ΛΥΣΗ'),
(7, 'ΕΘΝΙΚΟ ΚΟΜΜΑ ΕΛΛΗΝΕΣ '),
(8, 'ΑΝΤΑΡΣΥΑ'),
(9, 'ΕΘΝΙΚΗ ΔΗΜΙΟΥΡΓΙΑ');

-- --------------------------------------------------------

--
-- Table structure for table `users`
--

DROP TABLE IF EXISTS `users`;
CREATE TABLE `users` (
  `id` int(11) NOT NULL,
  `gender` int(11) DEFAULT NULL,
  `age` int(11) DEFAULT NULL,
  `education` int(11) DEFAULT NULL,
  `area` int(11) DEFAULT NULL,
  `vote` int(11) DEFAULT NULL
) ENGINE=InnoDB DEFAULT CHARSET=utf8 COLLATE=utf8_bin;

--
-- Truncate table before insert `users`
--

TRUNCATE TABLE `users`;
--
-- Dumping data for table `users`
--

INSERT INTO `users` (`id`, `gender`, `age`, `education`, `area`, `vote`) VALUES
(10, NULL, NULL, NULL, NULL, NULL),
(315, NULL, NULL, NULL, NULL, NULL),
(316, NULL, NULL, NULL, NULL, NULL),
(317, NULL, NULL, NULL, NULL, NULL),
(318, 1, 2, 5, 1, 1),
(319, NULL, NULL, NULL, NULL, NULL),
(320, NULL, NULL, NULL, NULL, NULL),
(321, NULL, NULL, NULL, NULL, NULL),
(322, NULL, NULL, NULL, NULL, NULL),
(323, NULL, NULL, NULL, NULL, NULL);

-- --------------------------------------------------------

--
-- Table structure for table `vote`
--

DROP TABLE IF EXISTS `vote`;
CREATE TABLE `vote` (
  `idvote` int(11) NOT NULL,
  `vote` varchar(45) COLLATE utf8_bin DEFAULT NULL
) ENGINE=InnoDB DEFAULT CHARSET=utf8 COLLATE=utf8_bin;

--
-- Truncate table before insert `vote`
--

TRUNCATE TABLE `vote`;
--
-- Dumping data for table `vote`
--

INSERT INTO `vote` (`idvote`, `vote`) VALUES
(1, 'Πολύ πιθανό έως σίγουρο'),
(2, 'Αρκετά πιθανό'),
(3, 'Λίγο πιθανό'),
(4, 'Δεν θα ψηφίσω');

--
-- Indexes for dumped tables
--

--
-- Indexes for table `age`
--
ALTER TABLE `age`
  ADD PRIMARY KEY (`idage`);

--
-- Indexes for table `apanthseis`
--
ALTER TABLE `apanthseis`
  ADD PRIMARY KEY (`idkomma`,`iderwtisi`,`idepilogh`),
  ADD KEY `ider_idx` (`iderwtisi`),
  ADD KEY `id_epilogh_idx` (`idepilogh`);

--
-- Indexes for table `area`
--
ALTER TABLE `area`
  ADD PRIMARY KEY (`idarea`);

--
-- Indexes for table `education`
--
ALTER TABLE `education`
  ADD PRIMARY KEY (`ideducation`,`education`);

--
-- Indexes for table `epiloges`
--
ALTER TABLE `epiloges`
  ADD PRIMARY KEY (`id`);

--
-- Indexes for table `erwtiseis`
--
ALTER TABLE `erwtiseis`
  ADD PRIMARY KEY (`id`);

--
-- Indexes for table `gender`
--
ALTER TABLE `gender`
  ADD PRIMARY KEY (`idgender`);

--
-- Indexes for table `kommata`
--
ALTER TABLE `kommata`
  ADD PRIMARY KEY (`id`);

--
-- Indexes for table `users`
--
ALTER TABLE `users`
  ADD PRIMARY KEY (`id`),
  ADD KEY `id_vote_idx` (`vote`),
  ADD KEY `id_area_idx` (`area`),
  ADD KEY `id_gender_idx` (`gender`),
  ADD KEY `id_age_idx` (`age`),
  ADD KEY `id_education_idx` (`education`);

--
-- Indexes for table `vote`
--
ALTER TABLE `vote`
  ADD PRIMARY KEY (`idvote`);

--
-- AUTO_INCREMENT for dumped tables
--

--
-- AUTO_INCREMENT for table `users`
--
ALTER TABLE `users`
  MODIFY `id` int(11) NOT NULL AUTO_INCREMENT, AUTO_INCREMENT=324;

--
-- Constraints for dumped tables
--

--
-- Constraints for table `apanthseis`
--
ALTER TABLE `apanthseis`
  ADD CONSTRAINT `ider` FOREIGN KEY (`iderwtisi`) REFERENCES `erwtiseis` (`id`) ON DELETE NO ACTION ON UPDATE NO ACTION;

--
-- Constraints for table `users`
--
ALTER TABLE `users`
  ADD CONSTRAINT `id_age` FOREIGN KEY (`age`) REFERENCES `age` (`idage`) ON DELETE NO ACTION ON UPDATE NO ACTION,
  ADD CONSTRAINT `id_area` FOREIGN KEY (`area`) REFERENCES `area` (`idarea`) ON DELETE NO ACTION ON UPDATE NO ACTION,
  ADD CONSTRAINT `id_education` FOREIGN KEY (`education`) REFERENCES `education` (`ideducation`) ON DELETE NO ACTION ON UPDATE NO ACTION,
  ADD CONSTRAINT `id_gender` FOREIGN KEY (`gender`) REFERENCES `gender` (`idgender`) ON DELETE NO ACTION ON UPDATE NO ACTION,
  ADD CONSTRAINT `id_vote` FOREIGN KEY (`vote`) REFERENCES `vote` (`idvote`) ON DELETE NO ACTION ON UPDATE NO ACTION;
COMMIT;

/*!40101 SET CHARACTER_SET_CLIENT=@OLD_CHARACTER_SET_CLIENT */;
/*!40101 SET CHARACTER_SET_RESULTS=@OLD_CHARACTER_SET_RESULTS */;
/*!40101 SET COLLATION_CONNECTION=@OLD_COLLATION_CONNECTION */;
